id,created_add,name,screen_name,full_text
1,2022-09-13 9:00:00,Cuestionario de Litwin y Stringer,@litwinstringer,En esta empresa los trabajos están bien definidos y organizados.
2,2022-09-13 9:00:00,Cuestionario de Litwin y Stringer,@litwinstringer,En esta empresa no siempre está claro quién debe tomar las decisiones.
3,2022-09-13 9:00:00,Cuestionario de Litwin y Stringer,@litwinstringer,Esta empresa se preocupa de que yo tenga claro su funcionamiento. en quienes recae la autoridad y cuales son las tareas y responsabilidades de cada uno.
4,2022-09-13 9:00:00,Cuestionario de Litwin y Stringer,@litwinstringer,En esta empresa no es necesario permiso para hacer cada cosa.
5,2022-09-13 9:00:00,Cuestionario de Litwin y Stringer,@litwinstringer,Las ideas nuevas no se toman mucho en cuenta. debido a que existen demasiadas reglas. detalles administrativos y trámites que cumplir.
6,2022-09-13 9:00:00,Cuestionario de Litwin y Stringer,@litwinstringer,A veces trabajamos en forma desorganizada y sin planificación.
7,2022-09-13 9:00:00,Cuestionario de Litwin y Stringer,@litwinstringer,En algunas de las labores en que me he desempeñado. no he sabido exactamente quién era mi jefe.
8,2022-09-13 9:00:00,Cuestionario de Litwin y Stringer,@litwinstringer,Quienes dirigen esta empresa prefieren reunir a las personas más apropiadas para hacer un trabajo. aunque esto signifique cambiarlas de sus puestos habituales.
9,2022-09-13 9:00:00,Cuestionario de Litwin y Stringer,@litwinstringer,En esta empresa hay poca confianza en la responsabilidad individual respecto del trabajo.
10,2022-09-13 9:00:00,Cuestionario de Litwin y Stringer,@litwinstringer,Quienes dirigen esta empresa prefieren que si uno está haciendo bien las cosas. siga adelante con confianza en vez de consultarlo todo con ellos.
11,2022-09-13 9:00:00,Cuestionario de Litwin y Stringer,@litwinstringer,En esta empresa los jefes dan las indicaciones generales de lo que se debe hacer y se le deja al personal la responsabilidad sobre el trabajo específico.
12,2022-09-13 9:00:00,Cuestionario de Litwin y Stringer,@litwinstringer,Para que un trabajo quede bien es necesario que sea hecho con audacia. responsabilidad e iniciativa.
13,2022-09-13 9:00:00,Cuestionario de Litwin y Stringer,@litwinstringer,Cuando se nos presentan problemas en el trabajo debemos resolverlos por sí solos y no recurrir necesariamente a los jefes.
14,2022-09-13 9:00:00,Cuestionario de Litwin y Stringer,@litwinstringer,Es común en esta empresa que los errores sean superados sólo con disculpas.
15,2022-09-13 9:00:00,Cuestionario de Litwin y Stringer,@litwinstringer,Uno de los problemas que tenemos es que la gente no asume sus responsabilidades en el trabajo.
16,2022-09-13 9:00:00,Cuestionario de Litwin y Stringer,@litwinstringer,En esta empresa los que se desempeñan mejor en su trabajo pueden llegar a ocupar los mejores puestos.
17,2022-09-13 9:00:00,Cuestionario de Litwin y Stringer,@litwinstringer,En esta empresa existe mayor preocupación por destacar el trabajo bien hecho que aquel mal hecho.
18,2022-09-13 9:00:00,Cuestionario de Litwin y Stringer,@litwinstringer,En esta empresa mientras mejor sea el trabajo que se haga. mejor es el reconocimiento que se recibe.
19,2022-09-13 9:00:00,Cuestionario de Litwin y Stringer,@litwinstringer,En esta empresa existe una tendencia a ser más negativo que positivo.
20,2022-09-13 9:00:00,Cuestionario de Litwin y Stringer,@litwinstringer,En esta empresa no hay recompensa ni reconocimiento por el trabajo bien hecho.
21,2022-09-13 9:00:00,Cuestionario de Litwin y Stringer,@litwinstringer,En esta empresa los errores son sancionados.
22,2022-09-13 9:00:00,Cuestionario de Litwin y Stringer,@litwinstringer,En esta empresa se trabaja en forma lenta pero segura y sin riesgos.
23,2022-09-13 9:00:00,Cuestionario de Litwin y Stringer,@litwinstringer,Esta empresa se ha desarrollado porque se arriesgó cuando fué necesario.
24,2022-09-13 9:00:00,Cuestionario de Litwin y Stringer,@litwinstringer,En este empresa la toma de decisiones se hace en forma cautelosa para alcanzar los fines propuestos.
25,2022-09-13 9:00:00,Cuestionario de Litwin y Stringer,@litwinstringer,La dirección de nuestra empresa está dispuesta a correr los riesgos de una buena iniciativa.
26,2022-09-13 9:00:00,Cuestionario de Litwin y Stringer,@litwinstringer,Para que esta empresa sea superior a otras. a veces hay que correr grandes riesgos.
27,2022-09-13 9:00:00,Cuestionario de Litwin y Stringer,@litwinstringer,Entre el personal de esta empresa predomina un ambiente de amistad.
28,2022-09-13 9:00:00,Cuestionario de Litwin y Stringer,@litwinstringer,Esta empresa se caracteriza por un ambiente cómodo y relajado.
29,2022-09-13 9:00:00,Cuestionario de Litwin y Stringer,@litwinstringer,En esta empresa cuesta mucho llegar a tener amigos.
30,2022-09-13 9:00:00,Cuestionario de Litwin y Stringer,@litwinstringer,En esta empresa la mayoría de las personas es indiferente hacia los demás.
31,2022-09-13 9:00:00,Cuestionario de Litwin y Stringer,@litwinstringer,En esta empresa existen buenas relaciones humanas entre la administración y el personal.
32,2022-09-13 9:00:00,Cuestionario de Litwin y Stringer,@litwinstringer,En esta empresa los jefes son poco comprensivos cuando se comete un error.
33,2022-09-13 9:00:00,Cuestionario de Litwin y Stringer,@litwinstringer,En esta empresa la administración se esfuerza por conocer las aspiraciones de cada uno.
34,2022-09-13 9:00:00,Cuestionario de Litwin y Stringer,@litwinstringer,En esta empresa no existe mucha confianza entre superior y subordinado.
35,2022-09-13 9:00:00,Cuestionario de Litwin y Stringer,@litwinstringer,La administración de nuestra empresa muestra interés por las personas. por sus problemas e inquietudes.
36,2022-09-13 9:00:00,Cuestionario de Litwin y Stringer,@litwinstringer,En esta empresa cuando tengo que hacer un trabajo difícil. puedo contar con la ayuda de mi jefe y de mis compañeros.
37,2022-09-13 9:00:00,Cuestionario de Litwin y Stringer,@litwinstringer,En esta empresa. se nos exige un rendimiento muy alto en nuestro trabajo.
38,2022-09-13 9:00:00,Cuestionario de Litwin y Stringer,@litwinstringer,Para la administración de esta empresa toda tarea puede ser mejor hecha.
39,2022-09-13 9:00:00,Cuestionario de Litwin y Stringer,@litwinstringer,En esta empresa la administración continuamente insiste en que mejoremos nuestro trabajo individual y en grupo.
40,2022-09-13 9:00:00,Cuestionario de Litwin y Stringer,@litwinstringer,Esta empresa mejorará el rendimiento por sí sola cuando los trabajadores estén contentos.
41,2022-09-13 9:00:00,Cuestionario de Litwin y Stringer,@litwinstringer,En esta empresa se valoran más las características personales del trabajador que su rendimiento en el trabajo.
42,2022-09-13 9:00:00,Cuestionario de Litwin y Stringer,@litwinstringer,En esta empresa las personas parecen darle mucha importancia al hecho de hacer bien su trabajo.
43,2022-09-13 9:00:00,Cuestionario de Litwin y Stringer,@litwinstringer,En esta empresa. la mejor manera de causar una buena impresión es evitar las discusiones y los desacuerdos.
44,2022-09-13 9:00:00,Cuestionario de Litwin y Stringer,@litwinstringer,La dirección estima que las discrepancias entre las distintas secciones y personas pueden ser útiles para la empresa.
45,2022-09-13 9:00:00,Cuestionario de Litwin y Stringer,@litwinstringer,En esta empresa se nos alienta para que digamos lo que pensamos. aunque estemos en desacuerdo con nuestros jefes.
46,2022-09-13 9:00:00,Cuestionario de Litwin y Stringer,@litwinstringer,En esta empresa no se toman en cuenta las distintas opiniones para llegar a un acuerdo.
47,2022-09-13 9:00:00,Cuestionario de Litwin y Stringer,@litwinstringer,Las personas están satisfechas de estar en esta empresa.
48,2022-09-13 9:00:00,Cuestionario de Litwin y Stringer,@litwinstringer,Siento que pertenezco a un grupo de trabajo que funciona bien.
49,2022-09-13 9:00:00,Cuestionario de Litwin y Stringer,@litwinstringer,Hasta donde yo me doy cuenta existe lealtad hacia la empresa.
50,2022-09-13 9:00:00,Cuestionario de Litwin y Stringer,@litwinstringer,En esta empresa la mayoría de las personas están más preocupadas de sus propios intereses.
51,2022-09-13 9:00:00,Cuestionario Octógono,@perezlopez,Las políticas de la empresa permiten delegar responsabilidades
52,2022-09-13 9:00:00,Cuestionario Octógono,@perezlopez,"En la empresa, cuando se delegan responsabilidades, tareas o decisiones existe la repetición y/o superposición de las mismas."
53,2022-09-13 9:00:00,Cuestionario Octógono,@perezlopez,Usualmente culmino las funciones que me delegan después del tiempo previsto.
54,2022-09-13 9:00:00,Cuestionario Octógono,@perezlopez,El servicio brindado por la empresa es económicamente asequible al cliente.
55,2022-09-13 9:00:00,Cuestionario Octógono,@perezlopez,Las políticas de la empresa contribuyen a la generación de beneficios para la misma desacuerdo.
56,2022-09-13 9:00:00,Cuestionario Octógono,@perezlopez,La remuneración que me brinda la empresa es competitiva frente a la diversidad de alternativas externas que se me pueda presentar.
57,2022-09-13 9:00:00,Cuestionario Octógono,@perezlopez,"La empresa se adapta adecuadamente a los cambios que se dan en el entorno externo (en elsentido financiero, comercial o tecnológico)."
58,2022-09-13 9:00:00,Cuestionario Octógono,@perezlopez,"Los procedimientos de la empresa permiten que se obtengan resultados de la forma más simple posible, en vez de entrampar y complicar las operaciones."
59,2022-09-13 9:00:00,Cuestionario Octógono,@perezlopez,"Cuando las cosas marchan bien, mi jefe sí delega responsabilidades, pero cuando existen emergencias, él se hace cargo de ellas, rechazando el consejo o el esfuerzo de los demás."
60,2022-09-13 9:00:00,Cuestionario Octógono,@perezlopez,"La participación en la empresa es entendida como la influencia de los empleados en la toma de decisiones, es decir, aportar información que le ayude a su jefe a tomar una mejor decisión."
61,2022-09-13 9:00:00,Cuestionario Octógono,@perezlopez,Las políticas de la empresa buscan fomentar y aprovechar las ideas de sus trabajadores respecto a temas relacionados con el trabajo que se realiza
62,2022-09-13 9:00:00,Cuestionario Octógono,@perezlopez,Mi jefe no permite la participación en la toma de decisiones porque cree que él mismo es capaz de tomarlas sin la ayuda de sus empleados.
63,2022-09-13 9:00:00,Cuestionario Octógono,@perezlopez,Comprendo claramente qué responsabilidades me han asignado.
64,2022-09-13 9:00:00,Cuestionario Octógono,@perezlopez,Mi equipo de trabajo tiene bien definidas las metas que esperan alcanzar.
65,2022-09-13 9:00:00,Cuestionario Octógono,@perezlopez,"Conozco lo que recibiré de la empresa a cambio de mi trabajo, por ejemplo, conozco la remuneración económica que recibiré, las condiciones de seguridad social y laboral, vacaciones, etc."
66,2022-09-13 9:00:00,Cuestionario Octógono,@perezlopez,"La empresa se interesa por mi aprendizaje, que me lleve a desempeñar mejor las funciones que realizo actualmente."
67,2022-09-13 9:00:00,Cuestionario Octógono,@perezlopez,Las políticas de la empresa promueven el desarrollo de habilidades de sus empleados para realizar actividades distintas del trabajo ordinario.
68,2022-09-13 9:00:00,Cuestionario Octógono,@perezlopez,"Se acostumbra estimular al trabajador mediante premios, por su buen trabajo, y se le corrige con castigos."
69,2022-09-13 9:00:00,Cuestionario Octógono,@perezlopez,Los trabajadores están buscando constantemente la forma de querer “sacarle la vuelta” al sistema de control existente.
70,2022-09-13 9:00:00,Cuestionario Octógono,@perezlopez,Existen grupos que utilizan el poder para hacer prevalecer sus intereses sobre otros grupos de la misma empresa.
71,2022-09-13 9:00:00,Cuestionario Octógono,@perezlopez,Estoy obligado a ejecutar acciones con las que no estoy de acuerdo7 y que no me permitan opinar al respecto.
72,2022-09-13 9:00:00,Cuestionario Octógono,@perezlopez,En caso que la respuesta a la pregunta anterior sea positiva. Me siento indiferente al realizar estas acciones.
73,2022-09-13 9:00:00,Cuestionario Octógono,@perezlopez,"Me delegan responsabilidades tomando en cuenta sólo mis capacidades, sin considerar factores como el interés por aprender que tengo."
74,2022-09-13 9:00:00,Cuestionario Octógono,@perezlopez,Considero interesante y atractiva la realización de las funciones que me toca desempeñar.
75,2022-09-13 9:00:00,Cuestionario Octógono,@perezlopez,Considero que la capacitación recibida me ha preparado para realizar adecuadamente las funciones que me toca desempeñar y aquellas que me han sido asignadas adicionalmente.
76,2022-09-13 9:00:00,Cuestionario Octógono,@perezlopez,"En la empresa se piensa que, para llegar a dominar una actividad sólo se necesita repetirla muchas veces, sin considerar otros factores como el interés por aprender del trabajador."
77,2022-09-13 9:00:00,Cuestionario Octógono,@perezlopez,Mi jefe se apoya en sus empleados dejándonos cierto margen para actuar y/o tomar decisiones buscando que desarrollemos capacidades y habilidades.
78,2022-09-13 9:00:00,Cuestionario Octógono,@perezlopez,Mi jefe al delegarme responsabilidades pone a mi disposición la información y los recursos necesarios sin colocar trabas para el desarrollo de éstas.
79,2022-09-13 9:00:00,Cuestionario Octógono,@perezlopez,"La empresa apoya la iniciativa que pudiéramos tener en el desempeño de nuestras funciones, aunque esto signifique que cometamos algunos errores al inicio; los cuales serán tolerados."
80,2022-09-13 9:00:00,Cuestionario Octógono,@perezlopez,Recibo reconocimientos por haber realizado un buen trabajo dentro de mi equipo.
81,2022-09-13 9:00:00,Cuestionario Octógono,@perezlopez,"Frente a un problema, mi jefe me permite buscar y aportar alternativas de solución, sin decirme directamente qué es lo que tengo que hacer al respecto."
82,2022-09-13 9:00:00,Cuestionario Octógono,@perezlopez,Puedo conversar directamente con mi jefe acerca de mis ideas y de los problemas o limitaciones que pueda tener en llevarlas a cabo.
83,2022-09-13 9:00:00,Cuestionario Octógono,@perezlopez,Se reconocen mis logros cuando he innovado o introducido una nueva idea que dio resultado.
84,2022-09-13 9:00:00,Cuestionario Octógono,@perezlopez,Algunos son reconocidos por los logros que otros han alcanzado.
85,2022-09-13 9:00:00,Cuestionario Octógono,@perezlopez,Se acostumbra culpar a alguien por los errores que otras personas cometen.
86,2022-09-13 9:00:00,Cuestionario Octógono,@perezlopez,Se me informa si mi unidad o departamento está alcanzando los objetivos que esperaba lograr.
87,2022-09-13 9:00:00,Cuestionario Octógono,@perezlopez,Se informa a mi equipo de trabajo si ha alcanzando los objetivos que esperaba lograr.
88,2022-09-13 9:00:00,Cuestionario Octógono,@perezlopez,Mi jefe me informa acerca de las posibilidades de mi desarrollo futuro dentro de esta empresa.
89,2022-09-13 9:00:00,Cuestionario Octógono,@perezlopez,"Mi jefe me estimula más al logro de mi autoperfeccionamiento, que a la búsqueda de la competencia con mis colegas."
90,2022-09-13 9:00:00,Cuestionario Octógono,@perezlopez,Mi jefe se reúne conmigo para conversar acerca de mi desarrollo dentro de la empresa y de los objetivos profesionales a largo plazo que tenga y considero provechosas estas reuniones.
91,2022-09-13 9:00:00,Cuestionario Octógono,@perezlopez,"Mi jefe ve los errores que cometo como una oportunidad que se me presenta, para aprender a cómo hacer las cosas mejor."
92,2022-09-13 9:00:00,Cuestionario Octógono,@perezlopez,Mi jefe conoce las fortalezas y debilidades que tengo en el desempeño de mi trabajo.
93,2022-09-13 9:00:00,Cuestionario Octógono,@perezlopez,Mi jefe tiene confianza en la calidad técnica de mi trabajo.
94,2022-09-13 9:00:00,Cuestionario Octógono,@perezlopez,Mi jefe ejerce control con la manipulación de las personas que tiene a su cargo.
95,2022-09-13 9:00:00,Cuestionario Octógono,@perezlopez,Existe una lucha interna por el control de la empresa.
96,2022-09-13 9:00:00,Cuestionario Octógono,@perezlopez,"Las personas son promovidas porque son competentes técnicamente, saben comprender a los demás y además tienen influencia sobre sus empleados."
97,2022-09-13 9:00:00,Cuestionario Octógono,@perezlopez,Las políticas de la empresa promueven comportamientos oportunistas para el logro de fines netamente personales.
98,2022-09-13 9:00:00,Cuestionario Octógono,@perezlopez,"Las políticas de la empresa consideran como saludable la competencia entre unidades, departamentos, aun si a veces esto llega a generar conflictos en la empresa."
99,2022-09-13 9:00:00,Cuestionario Octógono,@perezlopez,"La causa principal por la que se sancionan a los trabajadores, en la empresa, es por ir contra las normas. ¿Está de acuerdo con esta causa?"
100,2022-09-13 9:00:00,Cuestionario Octógono,@perezlopez,"Las políticas de la empresa incluyen procedimientos y recursos que nos protejan de injusticias en el trabajo, además de indicarnos a quién acudir o cómo denunciarlas, llevándose a la práctica estos procedimientos."
101,2022-09-13 9:00:00,Cuestionario Octógono,@perezlopez,"En mi actual puesto hago un trabajo reñido con sus principios, sintiéndome mal y desmotivado por ello."
102,2022-09-13 9:00:00,Cuestionario Octógono,@perezlopez,"Las normas de la empresa se quedan en meras declaraciones verbales o escritas, sin ponerse en práctica."
103,2022-09-13 9:00:00,Cuestionario Octógono,@perezlopez,"La empresa brinda un servicio honesto, confiable y de calidad a sus clientes."
104,2022-09-13 9:00:00,Cuestionario Octógono,@perezlopez,"totalmente de acuerdo. Sí, estoy de acuerdo. Parcialmente de acuerdo."
105,2022-09-13 9:00:00,Cuestionario Octógono,@perezlopez,La empresa es bien vista por la comunidad.
106,2022-09-13 9:00:00,Cuestionario Octógono,@perezlopez,Cuento con escaso apoyo para realizar las funciones que se me delegan.
107,2022-09-13 9:00:00,Cuestionario Octógono,@perezlopez,Mi jefe evita hacerse responsable de los problemas que puedan surgir de la decisión que yo haya tomado.
108,2022-09-13 9:00:00,Cuestionario Octógono,@perezlopez,"La actitud de mi jefe, si mi equipo de trabajo no cumple con los resultados esperados, es la de analizar en dialogo las causas del error."
109,2022-09-13 9:00:00,Cuestionario Octógono,@perezlopez,"Mi jefe me permite influir en la toma de decisiones aportando con información, con la finalidad de ayudar a tomar una mejor decisión para todos, además de desarrollar mis capacidades y habilidades 59. Las funciones se desempeñan por determinación libre de los trabajadores."
110,2022-09-13 9:00:00,Cuestionario Octógono,@perezlopez,"Puedo encontrar, a través de la comunicación, el sentido que tiene mi esfuerzo personal y cómo éste encaja y contribuye al progreso de la empresa."
111,2022-09-13 9:00:00,Cuestionario Octógono,@perezlopez,"Se considera como una pérdida de tiempo, de parte nuestra, cuando se intenta apoyar a un compañero de trabajo que realmente está en serios aprietos."
112,2022-09-13 9:00:00,Cuestionario Octógono,@perezlopez,"Se juzga como una pérdida de tiempo, de parte nuestra, cuando nos preocupamos por ayudar de la mejor manera a un cliente."
113,2022-09-13 9:00:00,Cuestionario Octógono,@perezlopez,Mi jefe dedica parte de su tiempo a enseñarme a valorar las consecuencias que mis acciones puedan tener en otras personas.
114,2022-09-13 9:00:00,Cuestionario Octógono,@perezlopez,"Mi jefe directo propicia que yo enseñe, a las personas con las que tengo contacto, a valorar las consecuencias de sus acciones."
115,2022-09-13 9:00:00,Cuestionario Octógono,@perezlopez,"Mi jefe valora, en su diario quehacer, las consecuencias que sus propias acciones puedan tener en otras personas."
116,2022-09-13 9:00:00,Cuestionario Octógono,@perezlopez,"El comportamiento de mi jefe, dentro de la empresa, es como un modelo que debe imitarse y seguir."
117,2022-09-13 9:00:00,Cuestionario Octógono,@perezlopez,"Apoyaría a la empresa si se viera obligada, por distintos factores, a recortar incentivos económicos y beneficios."
118,2022-09-13 9:00:00,Cuestionario Octógono,@perezlopez,"Las personas de distinto origen, género u otra diferencia física o cultural, siempre y cuando sean las más idóneas, tienen las mismas posibilidades para ser promocionadas (ascendidas)."
119,2022-09-13 9:00:00,Cuestionario Octógono,@perezlopez,Mi jefe reconoce sus errores.
120,2022-09-13 9:00:00,Cuestionario Octógono,@perezlopez,"Se da trato diferente9 a las personas de acuerdo con su género, origen u otra forma de diferencia física o cultural."
121,2022-09-13 9:00:00,Cuestionario Octógono,@perezlopez,"Las órdenes de mi jefe directo buscan, en el fondo, el beneficio de todos y que vale la pena cumplirlas."
122,2022-09-13 9:00:00,Cuestionario Octógono,@perezlopez,"Me inspiran confianza los actuales directivos de la empresa y creo que tomarán decisiones pensando en nosotros, sin perjudicarnos."
123,2022-09-13 9:00:00,Cuestionario Octógono,@perezlopez,"Mi jefe directo sacaría la cara por mí, si yo fuera culpado de un acto injusto que no haya cometido."
124,2022-09-13 9:00:00,Cuestionario Octógono,@perezlopez,"Se busca que cada trabajador se controle a sí mismo, en vez de que siempre sea controlado por la empresa."
125,2022-09-13 9:00:00,Cuestionario Octógono,@perezlopez,"Mi jefe ha utilizado el poder que su cargo le concede, para quitarme –o dejarme de dar– algo que me pertenecía por derecho."
126,2022-09-13 9:00:00,Cuestionario Octógono,@perezlopez,Mi jefe ha utilizado el poder que tiene en la empresa para satisfacer intereses personales.
127,2022-09-13 9:00:00,Cuestionario Octógono,@perezlopez,Mi jefe ha dejado de utilizar el poder que tiene en alguna situación que sí ameritaba el uso del mismo.
128,2022-09-13 9:00:00,Cuestionario Octógono,@perezlopez,El poder que tienen los directivos en la empresa tiende a establecer restricciones innecesarias en la libertad de actuación de los empleados.
129,2022-09-13 9:00:00,Cuestionario Octógono,@perezlopez,El uso del poder –por parte de los directivos– sacrifica el aprendizaje que los empleados pudieran obtener en la realización de sus funciones.
130,2022-09-13 9:00:00,Cuestionario Octógono,@perezlopez,Existen criterios de igualdad de oportunidades en el modo de asignar ascensos a los empleados.
131,2022-09-13 9:00:00,Cuestionario Octógono,@perezlopez,Es justa la remuneración que recibo por el trabajo que realizo 82. Existe desigualdad en la asignación de sueldos entre empleados que tienen un desempeño similar.
132,2022-09-13 9:00:00,Cuestionario Octógono,@perezlopez,Existe desigualdad en la asignación de sueldos entre empleados que tienen un desempeño similar.
133,2022-09-13 9:00:00,Cuestionario Garcia,@garcia,"Qué opinión  tiene de la empresa?,(o qué comentarios se le ocurren acerca de la empresa?)"
134,2022-09-13 9:00:00,Cuestionario Garcia,@garcia,Conoce usted los objetivos generales (a largo plazo) de la empresa?
135,2022-09-13 9:00:00,Cuestionario Garcia,@garcia,Ha participado usted en alguna forma en el enunciado de esos objetivos?
136,2022-09-13 9:00:00,Cuestionario Garcia,@garcia,Considera usted que el personal está comprometido con esos objetivos?
137,2022-09-13 9:00:00,Cuestionario Garcia,@garcia,Cómo percibe (o siente) usted el ambiente general?
138,2022-09-13 9:00:00,Cuestionario Garcia,@garcia,Siente usted presión en su trabajo?
139,2022-09-13 9:00:00,Cuestionario Garcia,@garcia,Participa usted en las decisiones que afectan a su cargo?
140,2022-09-13 9:00:00,Cuestionario Garcia,@garcia,Cómo califica las relaciones interpersonales?
141,2022-09-13 9:00:00,Cuestionario Garcia,@garcia,Cómo fluyen las comunicaciones?
142,2022-09-13 9:00:00,Cuestionario Garcia,@garcia,Cómo ve el trabajo en equipo (de grupo)?
143,2022-09-13 9:00:00,Cuestionario Garcia,@garcia,Cómo califica el estilo administrativo de su jefe directo?
144,2022-09-13 9:00:00,Cuestionario Garcia,@garcia,Considera usted que existe una evaluación sistemática del desempeño?
145,2022-09-13 9:00:00,Cuestionario Garcia,@garcia,Cómo considera usted que la empresa lo ha motivado (estimulado)?
146,2022-09-13 9:00:00,Cuestionario Garcia,@garcia,De qué forma adicional lo podrían estimular a usted específicamente?
147,2022-09-13 9:00:00,Cuestionario Garcia,@garcia,Considera usted que a través del trabajo que desempeña está alcanzando sus objetivos personales?
148,2022-09-13 9:00:00,Cuestionario Garcia,@garcia,Cómo se siente en la empresa?
149,2022-09-13 9:00:00,Cuestionario Garcia,@garcia,"Si en algún momento usted se ha sentido desmotivado, cuál ha sido la causa?"
150,2022-09-13 9:00:00,Cuestionario Hacia u Clima Gratificante,@alvarezlondoño,"Cuál es el grado de conocimiento de la misión, de los objetivos, las políticas y estrategias de la organización?"
151,2022-09-13 9:00:00,Cuestionario Hacia u Clima Gratificante,@alvarezlondoño,"La estructura organizacional permite realmente la integración de individuos y grupos, así como la agilización de los diversos procesos, con el fin de alcanzar la misión y los objetivos?"
152,2022-09-13 9:00:00,Cuestionario Hacia u Clima Gratificante,@alvarezlondoño,"En todo lo relacionado directamente con su trabajo, tiene usted la posibilidad de informarse en forma oportuna y objetiva, opinar libremente y tomar parte en las decisiones?"
153,2022-09-13 9:00:00,Cuestionario Hacia u Clima Gratificante,@alvarezlondoño,"Se siente Usted a gusto con las instalaciones de la organización, en especial con el sitio donde debe realizar su trabajo?"
154,2022-09-13 9:00:00,Cuestionario Hacia u Clima Gratificante,@alvarezlondoño,"Las personas y las áreas interactúan positivamente y como un todo, con el fin de alcanzar de la mejor manera, la misión y los objetivos de la organización, antes que sus intereses personales o sectoriales."
155,2022-09-13 9:00:00,Cuestionario Hacia u Clima Gratificante,@alvarezlondoño,"Cree usted que empresarios y empleados trabajan en relación estrecha y amistosa, con el fin de lograr, conjuntamente los mejores beneficios para todos?"
156,2022-09-13 9:00:00,Cuestionario Hacia u Clima Gratificante,@alvarezlondoño,"Su jefe inmediato, es una persona motivante, receptiva, accesible, creativa, orientadora e impulsadora de las decisiones y acciones individuales y grupales?"
157,2022-09-13 9:00:00,Cuestionario Hacia u Clima Gratificante,@alvarezlondoño,"Las decisiones que se toman en los grupos o comités a los cuales usted pertenece, se hacen mediante el consenso, que los mantiene unidos, en lugar de la votación o de la imposición de quienes tienen el poder de dividirlos?"
158,2022-09-13 9:00:00,Cuestionario Hacia u Clima Gratificante,@alvarezlondoño,"Está usted ubicado en la organización en el trabajo que más le gusta y con funciones que le representan un desafío interesante para su realización personal, su creatividad y productividad?"
159,2022-09-13 9:00:00,Cuestionario Hacia u Clima Gratificante,@alvarezlondoño,La organización estimula su formación personal y profesional en forma permanente?
160,2022-09-13 9:00:00,Cuestionario Hacia u Clima Gratificante,@alvarezlondoño,"Los elementos o ayudas que usted utiliza diariamente al realizar sus labores, le permiten trabajar con comodidad, lograr calidad, a la vez que ser más creativo y productivo?"
161,2022-09-13 9:00:00,Cuestionario Hacia u Clima Gratificante,@alvarezlondoño,Las relaciones interpersonales que se dan en la organización son realmente las mejores?
162,2022-09-13 9:00:00,Cuestionario Hacia u Clima Gratificante,@alvarezlondoño,"Los trabajos que usted o su grupo reciben de otras personas u otros grupos para continuar con determinados procesos son, en general, trabajos de calidad, acordes con los requerimientos que usted(es) necesita (n) y oportunos?"
163,2022-09-13 9:00:00,Cuestionario Hacia u Clima Gratificante,@alvarezlondoño,"Los conflictos que se presentan entre personas y entre grupos se solucionan oportunamente, procurando arreglos satisfactorios para las partes involucradas y el acercamiento entre ellas?"
164,2022-09-13 9:00:00,Cuestionario Hacia u Clima Gratificante,@alvarezlondoño,"Tiene usted en la organización amplias posibilidades de expresarse positivamente, de manera informal?"
165,2022-09-13 9:00:00,Cuestionario Hacia u Clima Gratificante,@alvarezlondoño,Brinda la organización la estabilidad laboral necesaria para que sus empleados desempeñen su trabajo con la suficiente tranquilidad?
166,2022-09-13 9:00:00,Cuestionario Hacia u Clima Gratificante,@alvarezlondoño,"A las personas que se distinguen en la organización, por ejemplo por su creatividad, su productividad, la calidad de su trabajo, etc... se les valora, se les destaca o se les incentiva, en una u otra forma?"
167,2022-09-13 9:00:00,Cuestionario Hacia u Clima Gratificante,@alvarezlondoño,Cree usted que el salario que recibe es una justa retribución por su trabajo?
168,2022-09-13 9:00:00,Cuestionario Hacia u Clima Gratificante,@alvarezlondoño,"Cree usted que las normas, procedimientos, manuales, controles, etc... que se tienen en la organización son los estrictamente necesarios, como para permitirnos trabajar con agilidad?"
169,2022-09-13 9:00:00,Cuestionario Hacia u Clima Gratificante,@alvarezlondoño,Son adecuados los sistemas de evaluación del desempeño de las personas en el trabajo?
170,2022-09-13 9:00:00,Cuestionario Hacia u Clima Gratificante,@alvarezlondoño,"Tiene usted en la organización la posibilidad de dar y recibir feedback, con alguna frecuencia?"
171,2022-09-13 9:00:00,Cuestionario Hacia u Clima Gratificante,@alvarezlondoño,"Cree usted que las personas recientemente vinculadas a la organización, además de contar con el talento necesario para realizar determinadas labores, se destacan por su calidad humana?"
172,2022-09-13 9:00:00,Cuestionario Hacia u Clima Gratificante,@alvarezlondoño,Cree usted que la inducción que se realiza actualmente a las personas que se vinculan a la organización es la mejor?
173,2022-09-13 9:00:00,Cuestionario Hacia u Clima Gratificante,@alvarezlondoño,Cómo percibe usted la imagen de la organización?
223,2022-09-13 9:00:00,Cuestionario Mar Rivas,@maryrivas,Me siento orgulloso de pertenecer y trabajar para la empresa
224,2022-09-13 9:00:00,Cuestionario Mar Rivas,@maryrivas,Me siento parte integral de mi equipo de trabajo
225,2022-09-13 9:00:00,Cuestionario Mar Rivas,@maryrivas,Me siento a gusto con el trabajo que realizo
226,2022-09-13 9:00:00,Cuestionario Mar Rivas,@maryrivas,Veo a la empresa como algo que me pertenece y respeto
227,2022-09-13 9:00:00,Cuestionario Mar Rivas,@maryrivas,Si otra empresa me ofrece un puesto similar con remuneración ligeramente superior se quedaría en la empresa
228,2022-09-13 9:00:00,Cuestionario Mar Rivas,@maryrivas,"Mi puesto de trabajo esta adecuado, con los implementos necesarios para desarrollar mi trabajo en la empresa"
229,2022-09-13 9:00:00,Cuestionario Mar Rivas,@maryrivas,"Me siento tratado con dignidad, equidad y respeto"
230,2022-09-13 9:00:00,Cuestionario Mar Rivas,@maryrivas,El ambiente laboral de mi área es tranquilo y se encuentra libre de tensiones entre jefes y compañeros
231,2022-09-13 9:00:00,Cuestionario Mar Rivas,@maryrivas,Me proporcionan implementos para la protección personal dentro de la empresa
232,2022-09-13 9:00:00,Cuestionario Mar Rivas,@maryrivas,Existente actividades de prevención de enfermedades profesionales y de accidentes laborales
233,2022-09-13 9:00:00,Cuestionario Mar Rivas,@maryrivas,Me agrada conocer otras funciones o áreas de la entidad pues ello me permite desempeñar otros cargos dentro de la empresa
234,2022-09-13 9:00:00,Cuestionario Mar Rivas,@maryrivas,En la empresa existe igualdad de oportunidades entre los colaboradores
235,2022-09-13 9:00:00,Cuestionario Mar Rivas,@maryrivas,Me siento motivado para realizar mi trabajo en la empresa
236,2022-09-13 9:00:00,Cuestionario Mar Rivas,@maryrivas,Las funciones que realizo están acordes con mis estudios y experiencia
237,2022-09-13 9:00:00,Cuestionario Mar Rivas,@maryrivas,En la empresa se maneja la comunicación de forma efectiva entre jefes y colaboradores
238,2022-09-13 9:00:00,Cuestionario Mar Rivas,@maryrivas,"Las ideas, sugerencia y preocupaciones del personal son valoradas y tenidas en cuenta por los superiores inmediatos"
239,2022-09-13 9:00:00,Cuestionario Mar Rivas,@maryrivas,"Me siento escuchado y valorado por mi jefe cuando le expongo mis ideas, problemas en mi trabajo o mis puntos de vista"
240,2022-09-13 9:00:00,Cuestionario Mar Rivas,@maryrivas,La comunicación entre un área de trabajo a otra es buena
241,2022-09-13 9:00:00,Cuestionario Mar Rivas,@maryrivas,La información requerida para el desempeño de mi gestión es clara y oportuna
242,2022-09-13 9:00:00,Cuestionario Mar Rivas,@maryrivas,El rendimiento del colaborador es tenido en cuenta dentro de las promociones empresariales
243,2022-09-13 9:00:00,Cuestionario Mar Rivas,@maryrivas,La empresa se preocupa por la capacitación y desarrollo del personal para que realice mejor su trabajo
244,2022-09-13 9:00:00,Cuestionario Mar Rivas,@maryrivas,la empresa brinda estabilidad futura para el desempeño
245,2022-09-13 9:00:00,Cuestionario Mar Rivas,@maryrivas,Me siento tenido en cuenta dentro de las actividades programadas por la empresa
246,2022-09-13 9:00:00,Cuestionario Mar Rivas,@maryrivas,La relación entre jefe inmediato y demás colaboradores es cordial
247,2022-09-13 9:00:00,Cuestionario Mar Rivas,@maryrivas,El nivel de exigencia por parte de los jefes inmediatos es adecuado
248,2022-09-13 9:00:00,Cuestionario Mar Rivas,@maryrivas,Los superiores inmediatos son justos en el momento en el momento de tomar decisiones relacionadas con el trabajo
249,2022-09-13 9:00:00,Cuestionario Mar Rivas,@maryrivas,Se realizan reuniones periódicas con mi superior inmediato para el seguimiento de las actividades
250,2022-09-13 9:00:00,Cuestionario Mar Rivas,@maryrivas,Mi jefe me retroalimenta y me orienta sobre si estoy haciendo bien o mal mi trabajo
251,2022-09-13 9:00:00,Cuestionario Mar Rivas,@maryrivas,Siento respaldo de mi superior inmediato para el logro de las actividades que realizo
252,2022-09-13 9:00:00,Cuestionario Mar Rivas,@maryrivas,Tengo buena relación con mis compañeros de trabajo
253,2022-09-13 9:00:00,Cuestionario Mar Rivas,@maryrivas,"Existen lazos de confianza, amistad y respeto entre los diferentes compañeros de trabajo"
254,2022-09-13 9:00:00,Cuestionario Mar Rivas,@maryrivas,Participo en las actividades realizadas por la empresa
255,2022-09-13 9:00:00,Cuestionario Mar Rivas,@maryrivas,Recibo colaboración y apoyo de mis compañeros de trabajo para realizar mi trabajo
256,2022-09-13 9:00:00,Cuestionario Mar Rivas,@maryrivas,Siento gusto apoyando a mis compañeros de trabajo
257,2022-09-13 9:00:00,Cuestionario Mar Rivas,@maryrivas,Me satisface la información recibida de mis compañeros de trabajo
258,2022-09-13 9:00:00,Cuestionario Mar Rivas,@maryrivas,La información que recibo de mis compañeros de trabajo para realizar mi gestión es oportuna
259,2022-09-13 9:00:00,Cuestionario Mar Rivas,@maryrivas,"La atención dada a los clientes internos se caracteriza por la objetividad, el respeto y el afán de servicio al cliente"
260,2022-09-13 9:00:00,Cuestionario Mar Rivas,@maryrivas,Las reuniones de mi equipo de trabajo son creativas y aportan soluciones a los problemas del proceso
261,2022-09-13 9:00:00,Cuestionario Mar Rivas,@maryrivas,La empresa reconoce las ideas de los colaboradores para el mejoramiento de los resultados
262,2022-09-13 9:00:00,Cuestionario Mar Rivas,@maryrivas,La empresa me incentiva a desarrollar ideas que permitan el mejor desarrollo en la productividad y crecimiento en ella
263,2022-09-13 9:00:00,Cuestionario IMOC,@mendezi,¿Cómo califica usted los conocimientos que tiene acerca de los objetivos de la empresa?
264,2022-09-13 9:00:00,Cuestionario IMOC,@mendezi,¿Califique la cantidad de información que recibió acerca de los objetivos y políticas de su empresa al ingresar a ella?
265,2022-09-13 9:00:00,Cuestionario IMOC,@mendezi,"¿Al participar usted en el cumplimiento de los objetivos de la empresa, cómo satisface usted sus deseos y necesidades personales?"
266,2022-09-13 9:00:00,Cuestionario IMOC,@mendezi,¿Califique la ayuda y la colaboración que usted cree que existe entre los trabajadores de esta empresa?
267,2022-09-13 9:00:00,Cuestionario IMOC,@mendezi,¿Califique la ayuda y colaboración que usted presta a sus compañeros en el trabajo?
268,2022-09-13 9:00:00,Cuestionario IMOC,@mendezi,"¿Califique la ayuda que usted, presta para la solución de los problemas en su sección?"
269,2022-09-13 9:00:00,Cuestionario IMOC,@mendezi,"¿Cómo califica su participación, si usted está vinculado en grupos de trabajo en la empresa?"
270,2022-09-13 9:00:00,Cuestionario IMOC,@mendezi,"¿Fuera de las horas de trabajo, con qué frecuencia se relaciona usted con sus compañeros de labor?"
271,2022-09-13 9:00:00,Cuestionario IMOC,@mendezi,¿Califique la frecuencia con que usted acostumbra a divertirse con compañeros de su sección o de otra sección de la empresa?
272,2022-09-13 9:00:00,Cuestionario IMOC,@mendezi,¿Qué tanto participa usted de las actividades que realizan sus amigos en la empresa?
273,2022-09-13 9:00:00,Cuestionario IMOC,@mendezi,¿Qué tanta ayuda le piden sus compañeros para el desempeño de su trabajo?
274,2022-09-13 9:00:00,Cuestionario IMOC,@mendezi,"¿La empresa organiza paseos, actividades deportivas, fiestas u otras actividades de diversión?"
275,2022-09-13 9:00:00,Cuestionario IMOC,@mendezi,¿Cuándo usted tiene un problema de trabajo lo soluciona con sus compañeros y superiores?
276,2022-09-13 9:00:00,Cuestionario IMOC,@mendezi,"¿Cómo califica usted, el trato y relación con su jefe?"
277,2022-09-13 9:00:00,Cuestionario IMOC,@mendezi,"¿Cómo califica usted, la confianza entre los jefes y trabajadores de esta empresa?"
278,2022-09-13 9:00:00,Cuestionario IMOC,@mendezi,¿Cómo califica sus relaciones con sus compañeros de trabajo?
279,2022-09-13 9:00:00,Cuestionario IMOC,@mendezi,¿Considera adecuado plantear a su Jefe inquietudes y problemas relacionados con lo laboral?
280,2022-09-13 9:00:00,Cuestionario IMOC,@mendezi,¿Considera adecuado plantear a sus compañeros inquietudes y problemas relacionados con lo laboral?
281,2022-09-13 9:00:00,Cuestionario IMOC,@mendezi,¿Realiza sus labores a plena voluntad? ¿Su jefe es una persona justa?
282,2022-09-13 9:00:00,Cuestionario IMOC,@mendezi,¿Considera de carácter relevante siempre obedecer a su Jefe?
283,2022-09-13 9:00:00,Cuestionario IMOC,@mendezi,¿Su jefe controla su trabajo?
284,2022-09-13 9:00:00,Cuestionario IMOC,@mendezi,¿Obtiene la ayuda de su jefe para hacer mejor su trabajo?
285,2022-09-13 9:00:00,Cuestionario IMOC,@mendezi,¿Considera importante comentar con sus superiores los problemas que le afectan y tienen relación con su trabajo estrictamente?
286,2022-09-13 9:00:00,Cuestionario IMOC,@mendezi,¿Recibió suficiente información acerca de las obligaciones y labores que tiene que desempeñar?
287,2022-09-13 9:00:00,Cuestionario IMOC,@mendezi,¿Está contento usted de trabajar en esta empresa?
288,2022-09-13 9:00:00,Cuestionario IMOC,@mendezi,¿Cumple usted con su trabajo a cabalidad?
289,2022-09-13 9:00:00,Cuestionario IMOC,@mendezi,¿La recompensa que recibe cuando realiza una labor bien hecha es proporcional a su expectativa?
290,2022-09-13 9:00:00,Cuestionario IMOC,@mendezi,¿Es para usted importante estar trabajando en esta empresa?
291,2022-09-13 9:00:00,Cuestionario IMOC,@mendezi,¿Usted toma decisiones en su trabajo sin consultar con su jefe?
292,2022-09-13 9:00:00,Cuestionario IMOC,@mendezi,"¿Le gustaría asumir nuevas responsabilidades en su trabajo, además de las que tiene actualmente?"
293,2022-09-13 9:00:00,Cuestionario IMOC,@mendezi,"¿Participa usted, de las decisiones de esta empresa?"
294,2022-09-13 9:00:00,Cuestionario IMOC,@mendezi,"¿Las directivas tienen en cuenta su situación personal, al tomar una decisión?"
295,2022-09-13 9:00:00,Cuestionario IMOC,@mendezi,¿El trabajo que usted realiza es revisado en esta empresa?
296,2022-09-13 9:00:00,Cuestionario IMOC,@mendezi,¿Los resultados de la revisión de su trabajo se le socializan?
297,2022-09-13 9:00:00,Cuestionario IMOC,@mendezi,¿La realización de su trabajo con frecuencia la comenta con su jefe?
298,2022-09-13 9:00:00,Cuestionario IMOC,@mendezi,¿Si su jefe lo controla afecta su trabajo?
299,2022-09-13 9:00:00,Cuestionario IMOC,@mendezi,¿Le parece adecuada la forma como su jefe lo controla?
300,2022-09-13 9:00:00,Cuestionario IMOC,@mendezi,¿Para que el empleado trabaje bien debe ser controlado?
301,2022-09-13 9:00:00,Cuestionario IMOC,@mendezi,¿Se encuentra usted satisfecho con su salario actual?
302,2022-09-13 9:00:00,Cuestionario IMOC,@mendezi,¿Son cumplidos con el pago de las prestaciones de ley?
303,2022-09-13 9:00:00,Cuestionario IMOC,@mendezi,¿Admitiendo la temporalidad propia de los cargos públicos existe estabilidad laboral?
304,2022-09-13 9:00:00,Cuestionario IMOC,@mendezi,¿La dependencia permite proyectarse al futuro como promoción interna?
305,2022-09-13 9:00:00,Cuestionario IMOC,@mendezi,¿Desde su punto de vista personal tiene injerencia motivacional el tener un mayor y mejor salario?
306,2022-09-13 9:00:00,Cuestionario TECLA,@sudarsky,La gente le pone pilas a lo que hace.
307,2022-09-13 9:00:00,Cuestionario TECLA,@sudarsky,El jefe nos aclara lo que tenemos que hacer.
308,2022-09-13 9:00:00,Cuestionario TECLA,@sudarsky,Nos tratan como personas que conocemos nuestro trabajo.
309,2022-09-13 9:00:00,Cuestionario TECLA,@sudarsky,Son frecuentes las pugnas y rivalidades entre compañeros.
310,2022-09-13 9:00:00,Cuestionario TECLA,@sudarsky,No podemos hacer nada sin autorización.
311,2022-09-13 9:00:00,Cuestionario TECLA,@sudarsky,"Cuando uno hace un buen trabajo, recibe algún estímulo no monetario."
312,2022-09-13 9:00:00,Cuestionario TECLA,@sudarsky,NO existen prestaciones extralegales.
313,2022-09-13 9:00:00,Cuestionario TECLA,@sudarsky,NO es claro como toman decisiones en la empresa acerca de los empleados.
314,2022-09-13 9:00:00,Cuestionario TECLA,@sudarsky,Tenemos todo lo que se necesita para hacer nuestro trabajo.
315,2022-09-13 9:00:00,Cuestionario TECLA,@sudarsky,A la gente le interesa hacer los trabajos importantes.
316,2022-09-13 9:00:00,Cuestionario TECLA,@sudarsky,Hay desorganización y falta de prioridades para hacer el trabajo.
317,2022-09-13 9:00:00,Cuestionario TECLA,@sudarsky,Uno solo puede hacer en el trabajo lo que dicen.
318,2022-09-13 9:00:00,Cuestionario TECLA,@sudarsky,A la gente le da temor hacer preguntas sobre el trabajo.
319,2022-09-13 9:00:00,Cuestionario TECLA,@sudarsky,Uno puede decidir el método para hacer el trabajo.
320,2022-09-13 9:00:00,Cuestionario TECLA,@sudarsky,Cuando uno rinde en el trabajo nadie se lo agradece.
321,2022-09-13 9:00:00,Cuestionario TECLA,@sudarsky,En la empresa dan prestaciones adicionales a las legales.
322,2022-09-13 9:00:00,Cuestionario TECLA,@sudarsky,Por cualquier error que uno comete es sancionado.
323,2022-09-13 9:00:00,Cuestionario TECLA,@sudarsky,Nos dejan hacer el trabajo y solo cuando lo acabamos rendimos cuentas.
324,2022-09-13 9:00:00,Cuestionario TECLA,@sudarsky,Nadie sabe qué le corresponde hacer.
325,2022-09-13 9:00:00,Cuestionario TECLA,@sudarsky,La gente no se esmera por hacer un buen trabajo.
326,2022-09-13 9:00:00,Cuestionario TECLA,@sudarsky,Para tomar cualquier decisión hay que consultar al jefe.
327,2022-09-13 9:00:00,Cuestionario TECLA,@sudarsky,Hay buenas relaciones entre jefes y colaboradores.
328,2022-09-13 9:00:00,Cuestionario TECLA,@sudarsky,Por lo general NO nos consultan cuando cambian políticas.
329,2022-09-13 9:00:00,Cuestionario TECLA,@sudarsky,Los comentarios que uno recibe sobre su trabajo son razonables.
330,2022-09-13 9:00:00,Cuestionario TECLA,@sudarsky,Anualmente hay aumento de sueldo en la empresa.
331,2022-09-13 9:00:00,Cuestionario TECLA,@sudarsky,Es difícil trabajar en grupo por la desconfianza que hay entre mis compañeros.
332,2022-09-13 9:00:00,Cuestionario TECLA,@sudarsky,Las áreas de trabajo están bien iluminadas.
333,2022-09-13 9:00:00,Cuestionario TECLA,@sudarsky,"Cuando hay dificultades para realizar un trabajo, la gente retarda su ejecución."
334,2022-09-13 9:00:00,Cuestionario TECLA,@sudarsky,Se vive en un ambiente de orden y organización.
335,2022-09-13 9:00:00,Cuestionario TECLA,@sudarsky,Nadie tiene en cuenta nuestras ideas para mejorar el trabajo.
336,2022-09-13 9:00:00,Cuestionario TECLA,@sudarsky,"Cuando necesitamos algo, el jefe está dispuesto a ayudarnos."
337,2022-09-13 9:00:00,Cuestionario TECLA,@sudarsky,Para hacer cualquier cosa se necesita aprobación previa.
338,2022-09-13 9:00:00,Cuestionario TECLA,@sudarsky,"Cuando la gente hace bien el trabajo, NO recibimos estímulos."
339,2022-09-13 9:00:00,Cuestionario TECLA,@sudarsky,La gente que hace un trabajo similar al mío en la empresa gana más que yo.
340,2022-09-13 9:00:00,Cuestionario TECLA,@sudarsky,Aquí se despide a la gente con facilidad.
341,2022-09-13 9:00:00,Cuestionario TECLA,@sudarsky,Uno puede escoger la forma de hacer su trabajo.
342,2022-09-13 9:00:00,Cuestionario TECLA,@sudarsky,Uno aprende mucho de los trabajos que hace en la empresa.
343,2022-09-13 9:00:00,Cuestionario TECLA,@sudarsky,Es frecuente iniciar trabajos sin saber para qué se hacen.
344,2022-09-13 9:00:00,Cuestionario TECLA,@sudarsky,A todo el mundo le interesa dar ideas para mejorar el trabajo.
345,2022-09-13 9:00:00,Cuestionario TECLA,@sudarsky,Cuando se solicita un favor todos dicen estar ocupados.
346,2022-09-13 9:00:00,Cuestionario TECLA,@sudarsky,Para conseguir un permiso hay que hacer trámites largos.
347,2022-09-13 9:00:00,Cuestionario TECLA,@sudarsky,A la gente la viven sancionando por fallas en su trabajo.
348,2022-09-13 9:00:00,Cuestionario TECLA,@sudarsky,Las prestaciones que recibimos son justas.
349,2022-09-13 9:00:00,Cuestionario TECLA,@sudarsky,Puedo contar con la empresa como respaldo en mi vejez.
350,2022-09-13 9:00:00,Cuestionario TECLA,@sudarsky,Cuando uno se esfuerza recibe reconocimiento no monetario.
351,2022-09-13 9:00:00,Cuestionario TECLA,@sudarsky,Muchas veces se trabaja tan poco como sea posible.
352,2022-09-13 9:00:00,Cuestionario TECLA,@sudarsky,El trabajo se hace de forma planeada y organizada.
353,2022-09-13 9:00:00,Cuestionario TECLA,@sudarsky,En la empresa están preocupados porque uno emplee bien su tiempo.
354,2022-09-13 9:00:00,Cuestionario TECLA,@sudarsky,"Uno trabaja rodeados de compañeros, no de competidores."
355,2022-09-13 9:00:00,Cuestionario TECLA,@sudarsky,Viven sancionando a la gente por errores pequeños.
356,2022-09-13 9:00:00,Cuestionario TECLA,@sudarsky,"Si uno trabaja bien, puede esperar a que lo asciendan."
357,2022-09-13 9:00:00,Cuestionario TECLA,@sudarsky,Los aumentos salariales no compensan el aumento del costo de la vida.
358,2022-09-13 9:00:00,Cuestionario TECLA,@sudarsky,Aquí la gente no se entromete en la vida privada de los demás.
359,2022-09-13 9:00:00,Cuestionario TECLA,@sudarsky,Todo el mundo se esmera por hacer un buen trabajo.
360,2022-09-13 9:00:00,Cuestionario TECLA,@sudarsky,En la empresa esperan que el trabajo de uno sea de alta calidad.
361,2022-09-13 9:00:00,Cuestionario TECLA,@sudarsky,"Al presentarse un problema especial, no se sabe quién debe resolverlo."
362,2022-09-13 9:00:00,Cuestionario TECLA,@sudarsky,El trabajo se revisa únicamente al finalizarlo.
363,2022-09-13 9:00:00,Cuestionario TECLA,@sudarsky,La gente se comporta diferente cuando el jefe está cerca.
364,2022-09-13 9:00:00,Cuestionario TECLA,@sudarsky,"La gente se atreve a expresar desacuerdos inmediatamente, especialmente si así se pueden evitar problemas."
365,2022-09-13 9:00:00,Cuestionario TECLA,@sudarsky,"Aquí solo se fijan en los errores, no en las cualidades de trabajo."
366,2022-09-13 9:00:00,Cuestionario TECLA,@sudarsky,La gente recibe un salario acorde a sus habilidades.
367,2022-09-13 9:00:00,Cuestionario TECLA,@sudarsky,La empresa se preocupa por la seguridad industrial.
368,2022-09-13 9:00:00,Cuestionario TECLA,@sudarsky,El jefe nos ayuda cuando lo necesitamos.
369,2022-09-13 9:00:00,Cuestionario TECLA,@sudarsky,A los jefes no les interesa que le demos ideas para mejorar la calidad del trabajo.
370,2022-09-13 9:00:00,Cuestionario TECLA,@sudarsky,Las personas nuevas reciben un buen entrenamiento.
371,2022-09-13 9:00:00,Cuestionario TECLA,@sudarsky,Cada cual hace su trabajo como mejor le parezca.
372,2022-09-13 9:00:00,Cuestionario TECLA,@sudarsky,"Aquí se dicen las cosas como son, pero de buena manera."
373,2022-09-13 9:00:00,Cuestionario TECLA,@sudarsky,Normalmente me dicen todo lo que tengo que hacer.
374,2022-09-13 9:00:00,Cuestionario TECLA,@sudarsky,"Cuando alguien comete un error, lo ayudan para que no vuelva a ocurrir."
375,2022-09-13 9:00:00,Cuestionario TECLA,@sudarsky,La gente que hace mi trabajo en otras empresas ganan más que yo.
376,2022-09-13 9:00:00,Cuestionario TECLA,@sudarsky,El ambiente que se respira en esta empresa es tenso.
377,2022-09-13 9:00:00,Cuestionario TECLA,@sudarsky,En esta empresa se publican las noticias de interés para los empleados.
378,2022-09-13 9:00:00,Cuestionario TECLA,@sudarsky,Aquí se preocupan por mantener informado al personal de las nuevas técnicas relacionadas con el trabajo con el fin de mejorar la calidad del mismo A la empresa le interesa mantener al personal actualizado técnicamente.
379,2022-09-13 9:00:00,Cuestionario TECLA,@sudarsky,Se observa cierta desorganización en la distribución del trabajo.
380,2022-09-13 9:00:00,Cuestionario TECLA,@sudarsky,En esta organización se busca que cada cual tome decisiones de cómo realizar su trabajo. La empresa está interesada en que cada uno decida cómo hacer su trabajo.
381,2022-09-13 9:00:00,Cuestionario TECLA,@sudarsky,"No vale la pena ayudar a los compañeros, a la larga no agradecen. Si uno ayuda a la gente nadie se lo agradece."
382,2022-09-13 9:00:00,Cuestionario TECLA,@sudarsky,"Aquí uno puede expresarse sin temores con respecto a su trabajo. La gente se expresa sin temor, acerca de su trabajo."
383,2022-09-13 9:00:00,Cuestionario TECLA,@sudarsky,"Cualquier error que se cometa en el trabajo, indispone a los superiores. Los jefes se molestan con cualquier error que uno cometa."
384,2022-09-13 9:00:00,Cuestionario TECLA,@sudarsky,"Mis amigos fuera del trabajo tiene mejor ingreso que yo. Mis amigos que hacen lo mismo que yo, ganan lo mismo en otras empresas."
385,2022-09-13 9:00:00,Cuestionario TECLA,@sudarsky,Los empleados pueden defenderse de la organización. Uno puede expresar desacuerdo con decisiones tomadas por el jefe.
386,2022-09-13 9:00:00,Cuestionario TECLA,@sudarsky,En la empresa hay preocupación porque uno eduque a sus hijos.
387,2022-09-13 9:00:00,Cuestionario TECLA,@sudarsky,En realidad a casi nadie le importa comenzar un trabajo aun cuando no se haya terminado el que se está haciendo. Se comienzan los trabajos dejando los anteriores a medias.
388,2022-09-13 9:00:00,Cuestionario TECLA,@sudarsky,Por lo general las órdenes que recibimos están de acuerdo con las dadas anteriormente. Los jefes NO se contradicen al dar órdenes.
389,2022-09-13 9:00:00,Cuestionario TECLA,@sudarsky,Los jefes tienen en cuenta las iniciativas de los colaboradores.
390,2022-09-13 9:00:00,Cuestionario TECLA,@sudarsky,Entre diferentes dependencias nos colaboramos.
391,2022-09-13 9:00:00,Cuestionario TECLA,@sudarsky,Hay demasiados trámites para todo.
392,2022-09-13 9:00:00,Cuestionario TECLA,@sudarsky,Da lo mismo que le pongan pilas al trabajo o que no se las pongan.
393,2022-09-13 9:00:00,Cuestionario TECLA,@sudarsky,Los ingresos que uno recibe en la empresa permiten vivir decentemente.
394,2022-09-13 9:00:00,Cuestionario TECLA,@sudarsky,Las directivas están pendientes de los más min errores que se puedan cometer. Los jefes solo se fijan en los errores que cometemos.
395,2022-09-13 9:00:00,Cuestionario TECLA,@sudarsky,A menudo se presentan hostilidades entre el personal. Los conflictos entre el personal son frecuentes.
396,2022-09-13 9:00:00,Cuestionario Likert,@likert,En nuestro departamento la mayoría conoce bien las metas.
397,2022-09-13 9:00:00,Cuestionario Likert,@likert,Existe integración y cooperación entre los miembros del departamento.
398,2022-09-13 9:00:00,Cuestionario Likert,@likert,Mi coordinador promueve actitudes positivas.
399,2022-09-13 9:00:00,Cuestionario Likert,@likert,En nuestro departamento sabemos que a lcanzar los objetivos trae como consecuencias actitudes positivas.
400,2022-09-13 9:00:00,Cuestionario Likert,@likert,Mi coordinador está orientado a los resultados de acuerdo en desacuerdo obtenidos en el trabajo.
401,2022-09-13 9:00:00,Cuestionario Likert,@likert,Existe reconocimiento de trabajos bien realizado por parte del departamento de recursos humanos.
402,2022-09-13 9:00:00,Cuestionario Likert,@likert,Se informa periódicamente al empleado sobre el avance de metas y logros de objetivos.
403,2022-09-13 9:00:00,Cuestionario Likert,@likert,Mis necesidades básicas están siendo satisfechas adecuadamente.
404,2022-09-13 9:00:00,Cuestionario Likert,@likert,Mi coordinador fortalece la confianza entre el equipo.
405,2022-09-13 9:00:00,Cuestionario Likert,@likert,Mi coordinador exige mucho de nosotros.
406,2022-09-13 9:00:00,Cuestionario Likert,@likert,Mis compañeros suelen hablar positivamente del departamento.
407,2022-09-13 9:00:00,Cuestionario Likert,@likert,Recibo la capacitación adecuada y a tiempo para alcanzar las nuevas demandas de trabajo.
408,2022-09-13 9:00:00,Cuestionario Likert,@likert,Damos seguimientos a los objetivos del departamento.
409,2022-09-13 9:00:00,Cuestionario Likert,@likert,Me siento parte de la organización.
410,2022-09-13 9:00:00,Cuestionario Likert,@likert,Conozco la filosofía y objetivos de la institución.
411,2022-09-13 9:00:00,Cuestionario Likert,@likert,Nuestro trabajo es un reto diario y no una tarea más.
412,2022-09-13 9:00:00,Cuestionario Likert,@likert,Existe un ambiente de confianza entre compañeros.
413,2022-09-13 9:00:00,Cuestionario Likert,@likert,Se toman en cuenta las iniciativas y sugerencias persona les.
414,2022-09-13 9:00:00,Cuestionario Likert,@likert,En nuestro departamento nos encontramos orientados a resultados obtenidos por el equipo de trabajo.
415,2022-09-13 9:00:00,Cuestionario Likert,@likert,Se toma en cuenta nuestra opinión en decisiones importantes.
416,2022-09-13 9:00:00,Cuestionario Likert,@likert,Las herramientas de trabajo son las adecuadas.
417,2022-09-13 9:00:00,Cuestionario ECO,@toro,Trato Interpersonal (TRAIN). Percepción del grado en que el personal se ayuda entre sí y sus relaciones son de cooperación y respeto.
418,2022-09-13 9:00:00,Cuestionario ECO,@toro,"Apoyo del Jefe (APJEF). Percepción del grado en que el jefe respalda, estimula y da participación a sus colaboradores."
419,2022-09-13 9:00:00,Cuestionario ECO,@toro,Sentido de Pertenencia (SENPE). Percepción del grado de orgullo derivado de la vinculación a la empresa. Sentido de compromiso y responsabilidad en relación con sus objetivos y programas.
420,2022-09-13 9:00:00,Cuestionario ECO,@toro,Retribución (RETRI). Grado de equidad percibida en la remuneración y los beneficios derivados del trabajo.
421,2022-09-13 9:00:00,Cuestionario ECO,@toro,"Disponibilidad de Recursos (DISRE). Percepción del grado en que el personal cuenta con los equipos, los implementos y el aporte requerido de otras personas y dependencias para la realización de su trabajo."
422,2022-09-13 9:00:00,Cuestionario ECO,@toro,Estabilidad (ESTA). Percepción del grado en que los empleados ven claras posibilidades de permanencia de la empresa y estiman que a la gente se la conserva o despide con criterio justo.
423,2022-09-13 9:00:00,Cuestionario ECO,@toro,Claridad Organizacional (CLAOR). Grado en que el personal percibe que ha recibido información apropiada sobre su trabajo y sobre el funcionamiento de la empresa.
424,2022-09-13 9:00:00,Cuestionario ECO,@toro,"Coherencia (COHER). Percepción de la medida en que las actuaciones del personal y de la empresa se ajustan a los principios, objetivos, normas y reglamentos establecidos"
425,2022-09-13 9:00:00,Cuestionario ECO,@toro,Trabajo en Equipo (TEQUI). Grado en que se percibe que existe en la empresa un modo organizado de trabajar en equipo y que tal modo de trabajo es conveniente para el empleado y para la empresa.
426,2022-09-13 9:00:00,Cuestionario ECO,@toro,"Valores Colectivos (VALCO). Grado en que se perciben en el medio interno: Cooperación (ayuda mutua), Responsabilidad (esfuerzo adicional, cumplimiento) y Respeto (consideración, buen trato)."
427,2022-09-13 9:00:00,Cuestionario ECO,@toro,"Disposición al Esfuerzo (DESF). Interés de la persona por dedicar tiempo y esfuerzo al trabajo. Medida en que el trabajo constituye un interés central de la vida de la persona (Brown y Leigh, 1986)."
428,2022-09-13 9:00:00,Cuestionario ECO,@toro,"Apoyo Organizacional Percibido (AOP). Creencia o estimativo subjetivo acerca del grado de atención personal, interés y apoyo que el empleado obtiene de la empresa y de sus jefes (Eisenberger et al., 1986)"
429,2022-09-13 9:00:00,Gestión de los recursos humanos,@peopleware,"Gestión de los recursos humanos:Justo al comienzo del libro, en las páginas 3 y 4, los autores nos cuentan que estuvieron desde 1979 hasta 1988, recopilando más de 5000 historias de proyectos en el mundo real. De entre todos los proyectos que se cancelaron, o se pospusieron hasta el infinito, o proyectos que desarrollaron productos que no se usaron, ni uno solo los justifica por causas tecnológicas. La causa más frecuente era “políticas”. Este término engloba factores como problemas de comunicación, desencanto con el jefe o con el cliente, falta de motivación y alta rotación.

En estas primeras páginas también se pone de relieve los problemas de tratar a las personas como piezas intercambiables, teniendo en cuenta que el desarrollo de software es una tarea más intelectual que mecánica. Por ejemplo, imagínate que contratamos a Stephen King para escribir una novela y, a la mitad, lo despedimos (o se marcha) y en su lugar contratamos a H. P. Lovecraft para que continúe y termine el trabajo. Los dos son grandes escritores de terror, ¿qué podría salir mal?.

Veamos con otra idea extraída de esta primera parte. En el libro afirman que los “managers” ponen en peligro la calidad del producto al establecer plazos inalcanzables. Se engañan pensando lanzan un desafío interesante para sus trabajadores, algo que los ayude a luchar por la excelencia, cuando en realidad les están quemando y forzando a que busquen atajos.
De hecho, Peopleware nos ofrece una definición de productividad basada en cuanta calidad eres capaz de generar. Y no hay nada nuevo aquí ya que el triángulo de hierro de los proyectos (tiempo, alcance y costes) se cumple inexorablemente.

"
430,2022-09-13 9:00:00,La gente correcta,@peopleware,"La gete correcta: Pasamos a la tercera parte del libro, titulada “La gente correcta”. En el capítulo 16, los autores nos dicen que las empresas despiden a las personas por los motivos equivocados, porque los queman, y los mantienen en la empresa por los motivos equivocados, porque se adaptan a una mala cultura. Esto es muy parecido al Principio de Peter, propuesto en 1969 y que dice que “En una jerarquía, todo empleado tiende a ascender hasta su nivel de incompetencia”.

En 2018 tres profesores de Universidad analizaron el trabajo y los mecanismos de ascensos de los trabajadores de ventas en 214 empresas en Estados Unidos para ver si se cumplía el Principio de Peter. Descubrieron que las empresas ascendían a sus empleados a puestos de dirección en función de su rendimiento en su puesto anterior (que no era de dirección), en lugar de basarse en su potencial para ocupar un puesto de dirección. Por este motivo, los empleados muy buenos de ventas tenían más probabilidades de ser ascendidos, pero tenían más probabilidades de desempeñarse mal como gerentes. Es decir, la empresa perdía a un buen vendedor y ganaba un mal directivo. Esto cumple el Principio de Peter ya que un empleado ascendía hasta que su nivel de incompetencia en es puesto el permitía seguir ascendiendo.

Sigamos hablando de ascensos. Pensémoslo un momento. ¿a quién ascendemos, a aquella persona que veamos más integrada y alienada con la empresa y que más piense como nosotros (quien se haya adaptado a la cultura) o a quién discrepa e intenta sacarnos de nuestra zona de confort (mejora, evolución)? Es fácil de ver, somos animales de tribu que reconocemos a los nuestros y combatimos a los extraños. Pasa en el fútbol con las eternas rivalidades, pasa en política, en la religión y también sucede, por supuesto, en las organizaciones. Con lo que llegamos a la paradoja de que la gente correcta pueda ser la que parezca ser menos correcta.

En el tiempo que ha transcurrido desde 1987, por suerte, esto ya se intenta gestionar. Las empresas, muchas en el ámbito tecnológico, se han dado cuenta que tienen que trabajar la carrea laboral de sus empleados y darles oportunidades de mejorar dentro de sus puestos. Pero ¡cuidado!. Aún existe la cultura de empresa que permiten que estas ideas de Peopleware y el Principio de Peter sigan de actualidad."
431,2022-09-13 9:00:00,Felicidad en el trabajo,@peopleware,"Felicidad en el trabajo: Vamos con la quinta y última parte de libro Peopleware original, dedicada a la felicidad en el trabajo, porque la importancia de la felicidad ya se sabía en 1987, no es algo nuevo. Lo que sí es nuevo son los cargos rimbombantes como “Chief Hapiness Officer” que algunas empresas como Google o Uber están incorporando, pero eso sería tema para otro artículo.

En esta última parte se habla de la tendencia de managers a eliminar el caos, a que todo esté ordenado, controlado y procedimentado. Los autores de Peopleware defienden lo contrario. Apuesta managers que confíen en sus equipos y trabajen para que estos tengan pequeñas parcelas de caos. ¿A qué te suena esto?

Lo que en 1987 era caos, hoy en día encaja en el concepto de autoorganización. El caos que menciona Peopleware sienta las bases de la autorganización. La autoorganización es la forma más eficiente de gestión de equipos, con la que se obtiene mejores resultados. Precisamente por eso es necesario trabajar en construir y fomentar ese caos, o autorganización, y hacerlo encajar también dentro de la propia organización.

Al hilo de lo anterior, en esta parte también encontramos unas muy breves referencias al cambio y, en concreto, nos avisan de que no hay que intentar luchar contra las organizaciones. Es muy, muy poco probable que una persona sola enfrentándose a una organización logre un cambio significativo. En el libro original, los autores hacen una analogía con una corrida de toros, pero dado que la sensibilidad de la sociedad por cómo nos relacionamos con nuestro entorno ha dado un salto de gigante desde esa época, voy a proponerte otra metáfora.

Si eres aficionado a los videojuegos, o conoces a alguien aficionado, probablemente conocerás un conjunto de videojuegos (de muchos estilos diferentes: primera persona, tercera, plataformas, acción, etc.) en los que, cada cierto tiempo, tenemos que enfrentarnos a un enemigo final. Este enemigo suele estar diseñado para tener patrones de comportamiento que nos pongan las cosas difíciles. Enfrentarlos cara a cara por las brava trae resultados desastrosos (como una persona luchando ella sola contra una organización). Sin embargo, con tiempo y paciencia podemos encontrar sus puntos débiles y ganar la habilidad necesaria para aprovecharla. En una organización esto implica usar las estructuras propias de la organización y reclutar aliados para introducir mejoras."
432,2022-09-13 9:00:00,Crear equipos productivos,@peopleware,"Creación de equipos productivos: Visitamos ahora la cuarta parte del libro, dedicada a crear equipos productivos. Al igual que la parte dedicada al entorno de trabajo, esta es otra de las partes que más ha envejecido, no porque sus ideas no sean útiles y de plena actividad, sino porque el trabajo de las últimas décadas ha arrojado mucha más luz y ahora tenemos más información y herramientas. Ya hablamos de este tema en otras entradas anteriores de este blog, por ejemplo, en Factores Básicos para Conseguir Equipos Efectivos.

Curiosamente, Peopleware indica que hay muy poco trabajo directo que hacer de creación de equipos. Esta idea también ha viajado hasta Management 3.0, dónde nos explican la gestión de equipos con la metáfora del jardinero. En esta metáfora, el manager, jefe de proyecto, líder del equipo o puesto similar es como un jardinero en el sentido de que prepara la tierra, siempre semillas, riega, busca las mejores condiciones de luz temperatura y humedad para las plantas (los equipos en esta metáfora) crezcan sanos y fuertes y desarrollen su máximo potencial.

Peopleware también nos recuerda por qué ser manager es tan difícil, por qué hay tan pocos buenos managers y por qué son tan necesarios los buenos cursos como Curso de gestión de equipos con Management 3.0. El motivo es que no podemos protegernos de la incompetencia de nuestro propio equipo. No hay ellos y yo. No existe el yo he hecho bien mi trabajo como manager y ellos no. Aunque hayas trabajado 12 horas al día 6 días por semana, si tu equipo no rinde, tú caes con ellos. ¿A cuántos managers has conocido que dan la cara por el equipo cuando las cosas van mal? Yo tengo la suerte de conocer uno y, ya no creo que vuelva a conocer otro en lo que me queda de vida."
433,2022-09-13 9:00:00,El entorno de la oficina,@peopleware,"El entorno de la oficina: Esta segunda parte, probablemente sea una de las que se han quedado más obsoletas, bien porque ya hemos adquirido las ideas que se exponen, por ejemplo, evitar códigos de vestimenta o prohibir objetos personales en el espacio de trabajo.

En el capítulo 9, y en más momentos a lo largo de esta segunda parte, Peopleware nos cita estudios que ponen de relieve la importancia de contar con espacio individual, en torno a 2,8 metros cuadrados por persona y la necesidad de tener cubículos y pareces. Una vez más se pone de relieve que el desarrollo de software es intelectual y se necesita espacio y tranquilidad para poder pensar.

Sin embargo, desde los años ochenta esto ha cambiado mucho y el metro cuadrado ha alcanzado unos preciso disparatados. Por suerte, la tecnología ya permite el teletrabajo efectivo y podemos buscar la estrategia de conseguir nuestro espacio personal de trabajo fuera de las oficinas."